PrimeNet;janvier;février;mars;avril;mai;juin;juillet;août;septembre;Target
82225000;8982017;9818445;7839347;9343753;9593066;10496388;9934389;7846766;2061674;1
45440766;3095753;2232455;2934014;2369418;1737997;2548072;1848907;2501309;2149814;0
125375328;8727593;8254896;8672808;13424005;23000627;12651332;11020853;11078440;8191819;1
8665327;100924;311960;451160;705279;337854;521166;81016;187708;103836;0
243543777;18398677;14319645;17910252;13680423;12278640;15220911;14950130;19585325;15742069;1
50108640;2782954;2161785;4137563;2527287;4013178;3100588;2594168;2875161;2242388;1
14724007;719500;751061;725590;1281447;1195088;655734;760814;729133;1373734;0
7363106;508014;270690;378426;419484;271380;266605;106380;210602;129668;0
14559574;630580;982398;683534;939922;1292851;770436;963778;810228;677959;0
60770115;2796069;2265012;2048430;1893494;2873469;1873816;2000638;2060283;3068782;0
9224404;513650;1100605;1210470;870672;529320;510481;742963;153122;187510;1
4860000;409388;523050;750380;479150;474736;545240;657750;133960;530720;1
26174716;555743;909032;521377;470963;725249;1843210;1711632;724911;1824805;0
21402000;1841167;755966;1274356;845131;1246749;929066;886087;678170;942852;0
14023788;464120;979403;697940;1642113;751340;872957;917889;789166;1309198;1
133794395;12873042;12102014;15866518;10726028;15376920;14319663;15914614;10917568;11691229;1
13677645;630507;1260013;1430578;1040521;1242537;1895929;829483;1112877;1129412;1
169682348;8778335;8203623;8211695;8902626;9540274;10258931;11250589;7806652;9195072;0
29736075;1907538;1387797;4079957;2598760;1113864;1715750;1767795;2679695;1811691;0
10042301;249280;331180;345904;284740;11232;274586;324956;340924;992144;0
3187500;249722;70581;234334;250812;322359;191214;400798;392377;177170;1
69754860;6580542;5947216;8850360;8239920;7860454;7638336;4335398;6743754;5672424;1
48496077;1860575;2835765;3132432;2419084;2411071;2927081;2515563;3195867;1711391;0
3726000;272973;112282;73019;58350;113754;47826;98251;70807;96406;0
20357670;1247860;831655;805647;1310521;1409831;1471320;849783;1824608;1676133;1
35861313;684888;1828612;1696984;2331263;2980057;2612337;1912664;1701608;2548572;0
22589309;1621615;1120598;1258437;1302584;1363358;1587458;1088662;1501562;1228858;1
54451641;1750535;2408632;1516671;2900211;2553896;2276497;3044531;2713338;2182537;0
13249239;842452;1003480;922279;1154440;1507420;1384960;1672314;1889888;1959860;1
59352653;2575504;3151855;4015669;3600475;3012673;3613982;2287905;1625322;1858995;0
6565118;122376;522648;364219;636520;315072;178068;366196;197776;233156;0
2815096;571812;75556;181436;372499;105548;100340;99696;57532;47860;0
19714528;158497;574312;339077;650721;1353407;485109;453208;236814;386877;0
32535193;2771812;1637626;3011658;3267544;2463037;2326289;2612319;2528691;2697462;1
206029634;14118156;12215622;11158280;14772721;10090660;13092744;11841342;12370035;13681229;0
185950000;9564918;12394805;10691913;10244551;10392057;10085291;7857026;8132528;6634293;0
11410064;624532;499348;1313940;589432;531680;435920;303892;517404;375344;0
1955000;213163;144212;666808;410055;172432;113014;176352;559980;128392;1
206199751;14638721;13919597;13519943;15326978;14081113;14316631;10938867;11760105;15785793;1
30163735;2521646;2622642;1707748;2465631;2479267;1454039;2384011;2170417;2979114;1
22908616;1290313;1937234;1912921;2163123;2008507;2052667;2062229;2800974;1532529;1
1486080;102830;152350;15620;112905;496624;86120;126180;449684;94435;1
4190400;177930;74675;244385;76855;70775;147195;39430;57245;44065;0
7718292;317620;363560;510010;341820;2177436;1178623;542334;431480;581317;1
9826983;80554;235138;171407;724211;272434;136026;142313;161725;135459;0
11991375;252481;1113472;827530;434455;537487;595000;548860;408110;888070;0
57401801;2685129;3002673;3380378;2955117;3140470;3663242;3799347;3858833;3111939;0
1193904;178410;92945;24130;24580;57945;41705;111630;45565;42065;0
115930392;10648318;12157228;11570450;9434669;11064692;15374672;10092821;9861168;8796733;1
6846038;942618;470576;719348;1877998;1044789;1101204;100464;308496;11200;1
12600755;865494;701798;925066;531906;748830;1658154;573597;623180;602005;1
10910288;1384392;2464027;865294;1533321;349304;437198;1297426;666048;451564;1
38881611;2074337;3967853;2567502;1932818;1995892;2330014;1646076;2091180;1571637;0
146919473;8150771;7418749;7238214;9118856;9466046;9888518;8447954;8485137;8337342;0
44624667;2257511;2198976;2516046;3469584;2046129;2754744;2113821;1841601;2433439;0
8628658;923088;26250;124554;217334;45365;210175;191675;829053;297869;0
6436495;381954;485936;431322;273172;35468;179012;192448;428648;203752;0
15891713;459393;1285960;354670;671497;601371;738530;360574;299592;1058066;0
89725801;4155794;8817971;5246282;4822817;4375846;5507880;4216069;4218375;4821794;0
6277717;141529;186870;445573;328192;488518;643844;259921;1559630;335487;1
6856032;26639;78659;247376;118568;165498;706013;402408;455390;149817;0
166209409;8533532;7693041;9054056;9536741;8775337;13106045;9471004;8948030;8621414;0
31603565;2924939;2627777;2818238;4714922;2375868;2107551;3520077;3389634;3584732;1
6135376;65772;240938;49851;850980;112363;202036;212012;387739;895910;0
24808121;1152743;2120504;2976082;2245207;4194667;1656724;2668181;4123132;1477152;1
923932;68530;79020;192020;137250;410185;78720;69875;76210;60390;1
48499793;3060493;4399706;3209922;4337858;4316904;4639980;4167039;6589749;6171428;1
42474064;3377285;3850174;4622867;4771872;5314689;2918142;3511898;3599068;4028697;1
21094081;692927;624850;504405;1522666;868816;2384339;762126;764823;477211;0
19910835;1287785;1163378;547974;1763723;864499;917424;1145232;898374;797826;0
26525730;616384;527864;734504;483228;749648;831206;818922;1228698;234100;0
2106000;101670;202250;473059;333554;174535;459641;323366;195837;733909;1
47525088;3509453;4067268;3800793;2297659;2126454;4037019;2320504;2657254;2725699;1
4114104;98868;324897;302088;178854;780989;107504;50784;95252;155535;1
3169044;194875;66490;74390;74295;110415;63515;25644;13800;79400;0
2692024;557145;1711830;604470;1078125;1444005;1476267;977250;487335;1026987;1
2561625;136425;52415;359834;199120;49100;221810;306035;78800;84090;1
74119416;3169066;4153815;5222291;4731278;4519059;5944756;4401689;5289630;3023550;1
2860872;168535;568260;1629592;407955;1118311;196041;213130;128190;544375;1
16400000;1285598;1144046;1724371;1360597;1857697;1948688;1240563;1420308;919382;1
1994162;108215;361027;1233883;203772;250205;1161910;216200;389010;393645;1
17100694;890709;1947623;2060887;2208653;3123596;2985617;2125158;2350393;2310249;1
29540904;1007963;1070493;1019751;1006694;1044274;3256222;706858;885830;1053393;0
5688667;126985;470365;960425;84795;126910;89670;137384;17235;92580;0
60592734;1651860;2776479;4147477;3372105;2030913;2274981;3313812;2531284;2342472;0
17887309;689455;999550;1577460;820114;1144137;1080630;952991;1295842;1808661;1
161621754;10768011;7070527;7692066;7226532;7901141;9161833;11055370;8633379;8756980;0
9767550;691031;243244;242376;193324;200379;334388;149972;367888;319315;0
15706830;791283;665617;1632306;544314;332000;1021461;230829;199503;190797;0
2361354;257640;152280;20400;155840;285050;35770;351265;30580;49845;0
13390100;850912;968711;1020915;703934;1161839;563310;5223879;608107;644887;1
1786006;360200;180780;456190;250950;643860;104800;520940;62060;125630;1
4943322;293776;148695;185885;699436;254135;237639;54477;715549;507058;1
27746844;955618;1073912;2055850;1351446;1586719;1255096;1257849;515652;1453784;0
1863000;753297;828600;169905;2068755;185295;482160;248595;155445;263970;1
6605000;239898;1021617;296464;251096;62800;443763;395112;402663;660708;0
3260250;315468;76945;297260;133690;190495;262355;242092;727827;324585;1
898308;8560;29310;248870;195650;7200;28690;149490;92450;19420;1
13348737;418356;90818;286416;48984;171706;43532;43532;230443;27544;0
120329053;3726857;3210141;5508511;4629014;4175027;4299612;4886826;5347400;4116186;0
4954420;21880;50890;210672;131512;81800;70545;82555;469075;128100;0
25168942;1874366;2635438;1617842;2341844;2197164;2412922;1268926;1498900;1391604;1
19004787;1221108;1884431;2144308;1475331;1684232;1515638;1974696;1820498;2132861;1
107629381;11186463;4148381;4115760;4808814;4823086;4951150;5842265;3601258;5700772;0
6327211;306255;453380;400925;725473;568695;173890;203670;621630;495575;1
4657500;452451;256815;97580;391000;205825;197335;170000;208441;246255;0
28805349;1218841;2638143;1006835;1595789;2221831;2243738;1938071;2381790;2183928;1
482052;1241192;15388;58072;87792;12808;24400;15584;8000;29684;1
5988122;320310;649390;427605;369900;267190;110250;533420;593215;294417;1
5577653;304580;995100;451082;339257;223928;618196;340472;480389;189637;1
2445189;145355;1025727;280896;131348;96390;171180;439465;327655;167140;1
3213678;34295;157295;21040;40705;45330;88185;121650;358720;143221;0
68316645;5390177;8460374;10020127;6966191;10461804;8246652;6361819;5300877;7009360;1
5180892;150185;144521;937879;174098;530663;157126;165719;64800;102815;0
8088617;158264;62669;120534;188005;228278;221831;149288;342242;37733;0
15097367;99088;1008088;459335;619592;419568;914626;501880;312240;341012;0
17287283;177040;285176;687593;164879;393170;678611;476136;324291;1030395;0
25703789;979925;1237378;1797211;1250824;2681623;1293422;1579503;1612430;1601999;0
19269402;2512300;1321317;1275573;3701565;358510;1110613;524120;1485610;2220197;1
9464273;130185;58495;164285;572562;143370;63910;103908;264406;353575;0
99556754;6142229;5788806;5480606;7343255;7296024;7938763;10164264;7099116;7015343;1
4222800;465575;323575;228340;93570;126665;359505;99330;245030;188145;0
1241460;512228;429080;70000;412632;333072;765640;319180;1120360;376320;1
36525594;971816;913257;2429617;6589153;2267104;2496609;1929370;1076216;1083097;1
2632500;90830;28690;36216;96640;56025;70950;42720;57600;314000;0
63553630;2618352;2388004;2529729;3211188;3861818;3465075;3271489;3698313;3650321;0
87728380;3083551;3406598;4486748;3522419;4467392;4965365;4612047;4214933;4229285;0
509903592;50740205;93125752;73813762;55235986;44939854;70395241;72909976;59995927;48908582;1
931500;33065;624666;30720;98945;31315;19315;77315;197231;57975;1
27513623;2312073;3946507;3587691;2463667;3452044;3422323;4840405;1683299;2449413;1
4812486;193815;134875;120045;138050;956630;232120;233275;139170;382000;0
670680;49848;188028;219256;105024;244808;91744;259928;99160;52332;1
2860872;50260;521090;44590;96790;95470;180045;58510;1122390;171730;1
118510508;13421139;19083265;20181312;30700461;20545582;20386940;17515966;19589950;16592964;1
1037800;28800;63972;22400;336764;197996;84852;43236;72548;50644;1
1697127;179206;147052;81791;31749;274315;220448;81823;142145;401870;1
1397250;654990;1231305;416790;1418775;558675;855795;970434;880365;1047300;1
8443670;511535;448975;245340;236765;241125;607600;791246;207365;494205;0
12389416;126917;220267;214157;231039;799311;623298;2373415;1609532;751101;0
16380630;240884;389584;969790;408088;493316;815456;534217;519956;349245;0
14012962;1651082;3710726;3217146;2371640;6549853;2119768;2536485;1021620;2387266;1
25026205;1333491;1851925;1521599;2450377;2390775;2178590;1896398;2889346;2420962;1
4004000;959952;567318;143538;171200;301170;206730;210862;111688;168593;1
16498526;926683;1124858;906911;885658;1141967;1370451;1431977;976493;2324763;1
9341621;370828;239148;461140;490631;552108;479052;694819;564476;442704;0
41552818;1656397;1678077;1659541;1574199;1440049;2186658;1455296;1077911;1580279;0
2333513;790816;249088;1553822;772888;54080;1856584;76488;107312;116448;1
22767960;1801024;2425904;2542082;2858944;2799510;2553036;2797260;3478626;2274488;1
13303233;263553;823929;1568546;1149893;2081439;829410;483396;787282;1289864;1
2103248;414661;131932;160180;37676;160240;436796;72876;170424;146384;1
300292;22680;12760;25780;25668;28744;82620;71112;48736;48268;1
597085;25648;71316;36868;20085;84148;280280;50072;83100;82104;1
1542565;142170;241210;92755;654499;78390;18480;185050;23670;65140;1
49232254;3623170;3363520;4097684;2455800;3703718;9498173;3066101;2977580;3545095;1
18495711;358200;300450;643306;686125;473267;331475;927110;498289;398620;0
3387750;210811;110375;102850;325013;256921;441098;305234;84095;106935;1
23510652;1678912;1802220;2172339;1526108;1742564;1835589;1636634;1670458;1357232;1
54916944;4131500;8410707;7093106;8505722;8321671;5524517;5801225;5470314;4004883;1
9922171;369368;612218;874016;769428;1210883;521648;569836;362726;478594;1
13028706;1966950;1655487;829782;781794;1254837;1244536;1142504;696945;1025059;1
2717913;49308;121380;131664;290468;230039;252493;584627;89420;161064;1
4768038;41803;149980;201148;195785;193831;192992;103216;215480;68628;0
7061397;423572;624700;214960;312760;524595;296176;197954;821026;246871;1
154514920;15363663;13571771;14966087;15210635;14486929;19044934;16044228;19154223;13465376;1
143310398;16504211;9835445;9892547;16075311;10170154;10396872;14677582;9335922;14074406;1
2968797;65617;114695;416833;310814;182103;339833;136195;94983;88406;0
38102074;1246068;712789;1694034;997006;1053599;1274479;1525214;1369577;1520762;0
4783200;110592;609868;376181;94232;83832;26244;58924;265236;232130;0
2755000;94387;112870;492098;53360;26440;74775;89720;685946;670900;1
41307710;800685;1459230;677919;1424505;1992537;1838556;1463056;1156265;1456063;0
33231399;1085011;1554693;976459;2917259;1746462;1793720;1540116;1570337;2184434;0
138529082;9783520;6535519;7024537;8221148;8609236;7298864;5906478;5896409;6977430;0
2799999;104272;2407;5379;212008;113768;242749;40340;65685;39437;0
3526283;71590;141005;87635;14000;140645;188455;803145;140675;63525;0
23466648;740026;1419105;1115824;731798;418284;1591112;1144102;1459362;914405;0
6294372;98711;189989;147421;724378;118176;148054;200316;86047;89598;0
16047952;1172294;1472618;730994;1126746;502191;639672;425505;799294;587469;0
41695945;1798145;1732346;2092270;2146027;2001704;2207336;1289107;1477002;3252898;0
119472484;5434706;7766863;6150331;7637006;7349860;7744325;7726011;8673798;6200884;0
166158439;7577221;7758805;6906641;11336132;9771032;7893381;7797515;8192877;10258765;0
8419302;174696;259628;355346;184132;395732;739077;289488;468404;538576;0
17155845;1493373;483485;662589;1849097;1128556;1297198;982196;662660;1249492;0
8391552;448970;364206;349348;154493;189845;167594;407296;115808;110604;0
7146928;194808;284208;526112;565960;320728;326268;348144;137808;112456;0
19932602;914160;822682;527099;299602;2090328;442725;1209078;364801;328505;0
71431902;3173977;3074306;7634339;3677181;3127500;2445927;2688345;2675326;2597561;0
3852128;76515;369605;269955;239385;392285;105780;167760;116825;311140;0
5256459;268241;71038;179785;312842;229080;520940;375460;198430;112085;0
6200000;511278;153856;176696;472032;1693266;354773;170746;427178;336680;1
207900905;10418514;7580092;10461343;10878775;10040286;8832627;9148314;8555576;9327871;0
30749375;46468;1066576;823776;2037819;2465119;1605978;3743717;2092053;1428538;1
9808998;339455;197595;190900;1193150;1225188;934676;599618;521760;539505;1
45041086;3920540;4185710;5623558;4703799;4491835;4918085;4793195;4990164;5288415;1
5472973;134150;288452;84803;220550;273720;185495;91375;53685;24000;0
4680000;66856;83762;190479;169715;54615;387864;161855;644529;53607;0
424000;74255;44842;28968;258264;155711;28987;17002;15677;21122;1
101061337;5365199;4360197;3203990;5793312;5069215;5670635;4220445;5205445;4412802;0
140757320;11512755;7092269;11770154;10368014;9753261;11256217;15227114;9922148;10193469;1
18452869;400996;928998;644632;1185931;835953;572772;486618;1236235;458892;0
23441895;6777647;4334480;3883293;4527542;4401121;5539079;6451366;2718925;5550351;1
10894626;1397230;486137;373215;434397;143703;335514;394935;495120;419795;0
3082250;9098;279730;4500;48331;50062;103654;130543;132405;518244;0
1666348;103360;61277;33574;78133;134216;81234;296315;45751;32786;1
13812874;617372;1238392;1006697;1065761;764697;1111635;663207;1428593;1078984;1
34349237;1718551;5850628;5561773;4380947;6145160;7193483;5538559;4986966;3985276;1
20444252;1343008;1614824;2486010;3018148;3698912;2834698;2657012;1536206;2290088;1
79593750;9647978;8274651;10478506;12726745;10481827;9431629;28427165;9986971;12901326;1
11078676;466472;1091177;390924;330772;962502;667477;285995;648960;971258;0
8246535;152395;420520;25595;97150;134978;141440;232459;464260;431475;0
95147126;4223057;3810718;3954374;4175650;6088063;5999080;5293173;7715514;6493121;0
30333582;2179408;1802518;1885350;2082843;1471277;2343416;1501075;1034875;970623;0
25949582;610996;445264;1061002;768408;649347;786322;968579;1266664;1150793;0
10590197;735512;274064;372683;476520;562562;642515;395355;459462;212415;0
9015868;38445;299929;313797;213406;246277;229476;93305;89570;120064;0
8120394;371695;161158;74993;150268;807956;269305;194372;137667;172382;0
36186614;2267560;2612387;2745760;1252704;2804023;2414123;2520732;1906117;2781368;1
670680;171832;24316;129416;42788;54644;18268;59772;94072;15916;1
2909801;150310;700313;81045;70095;89110;109945;256330;81885;62085;1
16743836;806732;708036;986456;590492;876579;1349574;1392744;2056943;1066788;1
9350000;253000;214160;507748;1601950;838268;127180;325420;378870;225580;0
15906036;525688;541156;629912;975614;3114386;1500407;543311;698331;197333;0
4485000;5952879;1056285;812418;1176495;179505;1250190;179340;179340;28552653;1
2102491;435000;244500;218985;339435;820170;150000;207480;657030;881850;1
47493750;2253771;3820538;2342787;2914626;1544109;4475572;2269357;1748675;1483789;0
4716336;83625;1719150;88450;820725;315900;129910;69225;79290;246575;1
96673050;11146625;7724119;9834001;7094497;13213683;14160388;6689695;9986476;8754595;1
14601815;1361858;494656;685252;1609528;450156;715680;630408;1095748;1973139;1
4537494;77448;247864;39056;81936;436490;442190;53570;319050;514108;0
8500115;228080;211429;905536;808787;489928;1142683;1024407;93084;257720;1
20372367;578876;2109333;2322162;1758197;580243;505524;909653;671728;966530;0
12022709;1036296;680057;683240;241315;460010;780508;611010;331410;414356;1
1384425;23410;237155;135050;131388;87558;119026;136966;108395;456535;1
5391958;302040;71662;156595;284490;115476;111625;72498;172605;284273;0
4907700;41563;52205;170406;99772;107299;171850;53017;42292;72205;0
44705898;2986534;3406682;5522755;4343048;10197078;4679944;3594270;6451374;4589212;1
19331158;2927204;1869070;2227904;1681852;3268740;1667170;1634950;2496236;1942496;1
64948511;2723682;1459764;2189029;1284507;3146170;1251787;1272705;2590127;995562;0
7067973;399237;388434;308780;513543;785575;561109;289920;684122;341115;1
16193331;74708;526500;282532;131421;222556;213912;72308;156467;136788;0
1816426;45755;422085;282832;115695;75000;493607;66700;8400;210250;1
3260250;205660;499085;517115;128815;78280;46930;313645;103530;335637;1
92389909;5687120;6116548;6558289;5356146;6528290;6874314;3877474;6283209;4338064;0
11943000;918723;248200;1122676;398708;705300;330916;320888;164200;338024;0
6964806;55687;44765;413155;160310;950161;458444;465740;749450;201905;0
7219212;584015;753388;1126845;1069835;997516;392335;414115;161415;572735;1
21542895;227869;216055;836180;454391;1064486;542780;984913;1261875;796324;0
2142452;292445;68470;94630;94630;70560;53025;67025;69062;361130;0
3586276;138920;78665;93680;49250;53630;86230;199365;50085;303975;0
10442134;156288;151767;387995;372546;251686;291666;227388;86345;12896;0
44250694;676625;719719;1727845;1248768;1221519;1552030;2316380;2216922;4700229;0
14332835;784148;820041;898820;992915;1352209;1148818;736288;1141179;723614;0
14355471;143900;510943;1101015;1067540;720546;777164;597192;452248;506072;0
1928208;557972;1030980;613710;567082;600798;1204426;119680;811342;124100;1
15221250;1063497;1073923;1215438;955220;729278;1424505;901888;990458;360340;1
17325000;425970;1001156;603542;722614;690870;615867;805940;568013;890564;0
469498066;31279370;34028976;31811769;30251949;30258069;28625182;24724864;28027208;28324371;0
5948662;172820;78430;41950;125365;123720;40550;95270;233700;184314;0
10414327;1018970;3098486;1239095;1142025;1605015;379410;828780;2915310;961620;1
63112120;3127527;3136035;3683969;2468438;3142120;4424801;3406386;3124047;3401689;0
3595968;149834;459625;447679;431990;370450;254995;373750;161149;322700;1
59770989;3007467;4783836;2758752;3836621;4794481;2586595;2579464;3770567;2368328;1
34350000;1330068;1477497;1262135;1804224;3384178;1616314;1529617;2716544;2391263;0
26622000;1337722;821327;1288585;870355;2380933;1002465;1579762;1716460;1388563;0
18025000;363881;715198;279000;903908;1147206;674021;1038900;885723;481858;0
6200000;141628;151584;499516;477234;222068;183108;240160;182508;413768;0
3374364;53995;39005;25995;232790;43360;423178;162000;131140;299745;0
3100000;159744;93940;259012;882000;318868;267628;85721;158140;243152;1
2945870;63091;126715;220859;323032;254532;475962;682941;184587;113350;1
1550000;87976;99708;87928;176436;57124;116188;80368;193884;311282;1
28947942;942944;1056318;909847;846050;693978;866592;847415;2062691;534319;0
13751271;161436;569848;704864;1186480;699944;1541495;1106350;1322216;1162114;1
2753750;17630;54625;156903;66120;131585;397101;30500;134000;59695;0
5200000;59050;177795;133110;207635;37800;325225;409265;427435;434297;1
10567433;284119;490305;568185;630256;873045;392136;546964;496933;634257;0
1446154;45688;81380;314880;115660;163272;238632;332060;82260;208160;1
1542565;8800;7660;9600;6000;123660;203168;70352;20784;249420;1
3646196;938752;247296;333720;740450;261077;106008;200848;130900;94120;1
6718415;251621;72832;598563;442782;144884;122710;148305;101996;103530;0
25172816;2656026;5016874;4358246;7716388;2409209;3399644;2716620;2636935;2318125;1
440199062;23757349;21242524;25527397;27405499;25756423;25741334;26275267;26517659;25083478;0
97419627;10300790;8675826;9704930;9016805;6591757;12198131;12797592;7858889;9272805;1
44060194;2259030;3043308;2140385;1837976;2614507;2448694;3205146;2677518;1970601;0
214511088;13504398;7395216;10561143;6037665;8513563;9389458;13675649;10846496;8697278;0
46581085;84888;123164;586092;871000;1951201;1026876;3500627;1307247;1535996;0
350518101;21007189;15813649;15455340;16832582;15757338;15769140;14892809;17571245;13108581;0
55151770;4605080;3278053;2927646;3577878;3564362;3569444;3941703;3626672;3185067;1
16397216;492046;1297405;1699676;2149677;1927364;886117;1011905;1860192;1281116;1
7363106;830527;376472;892433;203200;454463;301908;322312;351956;125032;1
2959313;225960;697131;194040;186022;258227;480222;128515;157236;375535;1
17896071;1166061;682032;1225827;926867;736689;709916;716480;147012;275851;0
62374333;3285017;1960383;2611512;4760319;2816280;3348660;2978275;3749771;3271728;0
13321480;273793;637085;1464193;310281;314354;513930;549971;330805;498206;0
16182000;1037771;1580649;1078795;716788;752074;926412;1233127;990544;601678;0
12798544;611476;731169;868909;572130;2143103;795569;1088257;631385;528396;1
3475530;274693;285165;67510;327690;492443;171395;177710;75825;87325;0
173588529;25797061;15316000;19531260;11957159;19033933;17322616;18705699;17599268;14261342;1
14458238;1656653;1714290;1625178;1287615;4504199;1678880;1457896;1427981;1282998;1
193647821;11615039;10500732;11779451;10226362;13114475;13017713;11344648;11220200;9241598;0
31025549;2236378;2152911;1372151;974911;1822754;1966949;2675168;1376064;1495516;0
92373744;8685032;5160290;7632836;9596622;9770089;11354319;12403028;10704270;6963808;1
51529194;3302954;2114006;2371090;1935264;2961611;1974290;2601534;1976981;2551172;0
862500;107432;277252;118392;76836;149800;81916;187100;193596;80408;1
2252000;82280;69376;58772;384572;40868;315436;133692;24084;114268;0
22496380;692454;2015326;1345593;1690702;1385855;1158791;1064115;1112553;1316619;0
22681330;1624432;1567802;1510155;1455982;1819890;1605877;2555287;1253721;1080483;1
14112000;959756;1741804;2643432;1651588;2382676;1959240;4874318;1905317;1785044;1
71332632;2595730;2331431;2301704;4183814;2967032;3479793;3503102;2896740;2765723;0
4215140;215616;137380;228672;85264;122932;394448;317928;257504;184472;0
21767185;405834;469886;757387;594022;1366446;702275;594394;717810;716766;0
16021443;3434258;866317;1400974;1812219;1179516;1305138;1132186;1164008;1422342;1
215474070;13506275;15787547;11628603;14651365;14391331;10566084;16938778;14487069;10935202;0
190254320;14254124;10515948;14963093;12911590;17112582;13479297;15717823;14624509;12572820;1
35902981;3546981;2976316;4457246;2996191;3457487;1971387;3766088;2549422;6376377;1
16844407;2538520;1984498;2799793;2058926;2871535;3092730;2896821;2125304;2316718;1
1539000;105325;103415;165660;86505;16515;118925;194415;150455;111470;1
4190400;8500;132055;44075;57965;96705;334590;110210;123160;76625;0
12629934;400228;1060890;1071109;1542093;1328262;1261066;53310;2152014;556480;1
13636882;214355;250281;215447;477362;719629;429970;556001;263004;241913;0
11034501;729865;527890;299895;2429991;559150;240900;916150;139839;111535;0
64334926;4339535;2977684;3871090;5281864;2491959;4176891;4939554;4714257;2781227;1
128530819;14908127;11987169;12643773;13557681;12864774;11588730;14995921;15401692;14514314;1
6201622;751820;689319;1763428;591591;691104;2498442;1195084;973524;378500;1
14696719;834361;1596356;1191694;1182870;1308707;2069317;3647331;1541505;1006876;1
11739458;962264;1024487;806880;289985;1224860;8217332;2201281;481106;819450;1
49355224;2495105;1651708;2460920;2306315;3103368;4632708;3717737;1984186;2068365;0
163922784;10768441;7913438;10320690;10627132;11272171;9983512;10370373;12635502;7250647;0
52545133;1931698;2600762;2487321;2654211;1811100;2499310;3405741;3520580;2608308;0
9856347;50880;359794;520503;429160;425603;400160;757519;335400;365760;0
13181024;877706;797562;1178573;926188;1696882;1465743;793517;327112;193962;0
4413000;92320;152275;208598;190336;1000950;555215;114830;16010;153258;1
6373804;218610;774865;1635842;220736;262556;368681;285146;322846;217287;1
140288430;17144144;19346922;17975576;18627674;19561641;20568629;16840872;27820518;22606676;1
14473434;268188;682032;832028;893780;1007884;599432;542124;759323;862108;0
29868938;3328454;4972540;4384144;3383752;4071309;3892998;5004594;5121078;7875003;1
3758251;92472;111452;239480;88192;128412;15308;97476;121740;338288;0
7021596;419267;197471;286514;355076;194052;520348;409982;683119;218415;0
25927929;6404621;1929838;2096125;1850821;2997533;3128749;3145393;2166736;1779912;1
79305136;8774681;5834415;6202264;4929995;5226102;6886648;6566769;4531016;5560653;1
44820090;3490392;2385778;3849101;1706544;2439946;3251599;2952642;2591374;2364039;0
17875852;783779;468492;711750;921256;675813;702428;467882;273779;623602;0
17407232;547615;643470;644765;1854711;1323216;801163;1237162;1242581;589061;1
5079048;45795;497435;131095;68370;166220;290401;407032;86485;120845;0
21616535;727179;910924;1044710;696612;361165;887775;494139;382724;1379750;0
936294;43710;57315;65475;54800;269910;21745;94145;106980;244130;1
5439275;167305;317800;180715;115550;414105;269860;173609;34125;636080;0
48096118;2583541;2711560;3185125;2418291;3343669;3164164;3985534;2937632;2742141;1
3207713;341234;538495;10000;85835;108365;146835;40730;120195;53655;0
2673000;571791;207313;165360;306940;371200;143790;376792;799190;153170;1
81472686;4857607;5705155;4635510;6052978;7177929;5529165;6386655;6632776;3942110;1
16757778;2430526;2837601;3297201;4227166;4605014;2918794;3111666;2058538;2400694;1
29420237;2312809;779437;855577;923835;916594;712551;873426;1258875;1344537;0
104829859;3409673;3039030;5093401;3820506;4648887;3832069;5845149;4322548;6451271;0
7637977;1192503;1884624;2264863;939485;494130;235825;1650305;763860;695011;1
172073699;12515519;9224560;10576556;8435944;10490856;10292483;10174734;9208678;9644429;0
14869071;115681;322316;329561;170657;387626;288808;344789;119872;235705;0
13305675;647233;537998;507276;220152;278790;225437;453196;422680;251943;0
4038524;84690;53930;71020;669890;677920;382390;211510;841826;138010;1
29059607;2218897;1510398;1461846;1643811;2174441;839850;778926;1670552;1318555;0
6741487;281956;256722;475172;562632;541350;113848;418804;395680;162252;0
3712035;366091;120940;170395;611758;611740;134260;250625;178085;131155;1
11970656;272360;706088;257300;782077;198900;538940;259168;301243;223832;0
54465390;3646332;3236940;4139111;5193709;5313065;4518393;7192994;5215454;4108463;1
112051270;6160888;4398002;5783294;4137893;5234636;6151664;4396388;5848013;4022755;0
7276292;611548;212530;674049;604835;258240;179317;467245;142497;228410;0
30321056;1723098;1526092;2895963;1563123;2211593;2425039;1759369;1212704;1981979;1
5733809;30620;201560;127275;575087;156255;43050;226020;147025;15350;0
10024276;509240;771264;777790;838064;705989;1003210;822646;837746;381400;1
55101385;6782149;7030182;7652514;4438458;6737453;8147611;11547931;8012395;6414738;1
7754329;69490;287559;232999;89135;164563;155040;238408;104378;587238;0
2369731;152476;41850;899918;150134;608785;120676;306876;23265;104112;1
16079500;352308;532680;493748;393108;1001977;852318;958858;2330465;798782;0
9269020;335613;339162;507902;287667;1058774;276921;436668;197574;324918;0
21378385;1283507;1720341;1250384;1603808;1804968;1134779;2538866;1363952;1418503;1
39729897;604084;1087246;495246;2071992;2309615;1946514;658690;1393692;1357540;0
15308887;786270;89652;150352;345912;125526;319060;702279;149174;508653;0
119292218;12453140;10483527;10920667;10795356;12142331;10048962;13457309;11061598;10711987;1
49803443;2014466;1825449;3772812;2438598;2723084;2431996;2827221;3678522;2011124;0
620097;73428;53034;11669;11316;63911;77224;104624;71524;38138;1
63016400;2420405;2472917;2723254;3127663;3743069;3526754;2855609;3095492;2997416;0
72766733;2186712;1833543;3550232;1901717;3397215;3316760;4411739;3570276;3320418;0
26974751;2688174;3169010;2804404;2138228;2394425;3419711;2089648;2343275;1855724;1
1353652;159084;64264;175728;38320;168136;107192;240660;71796;151764;1
3113001;252145;379140;309425;221360;300985;193129;110705;19010;244480;1
1697127;247564;23313;191865;18648;708642;188411;5674;94902;60926;1
3355344;242416;219285;410268;119505;334194;97225;90685;183670;90060;0
18676000;366316;653024;4964273;593075;300964;902491;581582;375980;956649;0
24268268;1022086;1269921;520628;433740;672882;443172;892647;1553943;1909043;0
30063601;53140;376980;2510836;2049451;1737901;3316097;3441978;1997152;2600688;1
6930000;20931;179064;165126;112664;72380;169160;159492;162330;246548;0
11016293;1528028;1117749;1797457;2175099;1189574;1216772;1612829;920414;920280;1
11702943;825964;287460;464964;742662;805522;524038;443460;696824;814360;0
465750;36700;73710;171665;83625;46060;46060;166820;21040;21040;1
55995961;1412890;2135133;1939693;1569510;2827566;2263626;3456089;2375472;2797150;0
2505118;425128;78524;174196;107904;102884;196792;442840;109352;137100;1
4056237;6796;26140;418411;711510;203232;417808;352268;486468;388620;1
1199251;46548;46036;45420;18860;89084;155032;84636;66332;49144;1
1452065;20744;54228;54470;91752;300626;54411;146286;146576;9796;1
340797;43416;21672;45148;73276;547306;131900;34216;50296;19224;1
58131036;2257814;4508856;4398287;4799192;2876535;4714767;3368779;3638015;8002545;1
22608212;549250;435780;1018163;907762;1186418;1212113;843108;1560122;486530;0
3557140;294680;525937;238125;575250;970802;212800;679387;189955;169390;1
23968291;1140055;1901595;1257349;1041061;1174271;1639239;1935592;2316405;1181124;1
57212681;6715134;4882393;6770705;3962128;6455995;5509249;4065618;5354925;7019288;1
1538876;434807;1216294;156144;82112;288048;170764;291484;197726;221812;1
15756576;1980763;1011420;2225496;1649617;1250723;4055271;680232;1416102;2618249;1
4430904;29148;122116;59558;91572;120548;61360;799999;113816;737753;0
2243728;167540;162930;177805;177855;64745;265780;118840;87010;83305;1
7074648;162530;433541;1149271;260293;218852;172615;324440;232681;559538;1
155266838;20556753;10600330;19130579;19313060;19981702;16598397;16143285;15294011;15179254;1
149973398;11792612;12300930;15781440;9786016;11622717;12446820;15309344;11409565;9833531;1
40502226;3148724;1017786;1204281;1504633;1405991;1312205;1367913;1382818;1339192;0
3029360;65584;18068;70412;27772;61212;23688;48960;20092;25932;0
2370000;64310;127375;130425;286470;3050;55170;70370;227689;77809;1
39681656;1716517;1372348;2292355;2532517;3349093;1801055;1634807;1723882;1601345;0
146312461;9391816;6353974;11194573;7612222;6879267;14274708;8513345;9167721;6601839;0
2099515;39625;73220;52180;86215;784505;118595;102095;756935;105750;1
4885944;340078;380400;1208091;162092;150196;139095;144629;183270;68547;0
19988418;816482;611313;740048;655999;688337;559406;686786;885148;600585;0
40615909;2026866;2102491;3208570;1630278;2953617;2040676;2813386;2444165;2736002;0
123231676;6927265;7455486;8706457;7252298;7813636;11736462;7893212;4430248;6425160;0
134122087;6469266;6647904;7834218;7009427;7141716;6250560;7939310;6348301;5568707;0
10590910;484600;741268;377342;341744;725548;432048;1043510;551612;248452;0
16592715;1091909;722676;675982;1274825;927536;791440;960995;587316;610597;0
4809513;203944;37468;297860;233559;195348;281507;130272;71616;246800;0
18091041;428773;641785;1548645;646060;372840;409727;533874;372794;381268;0
80528486;4614368;3723559;4486329;5078783;4002283;3513345;4593630;1981225;3787394;0
6054741;281850;258295;25200;104375;979980;270130;158905;91490;235825;1
3837128;250825;411795;295780;394600;286270;396380;264115;348428;999805;1
5491669;132385;405056;515235;297924;502540;437645;87465;195730;49120;0
6253929;415448;549106;428108;634428;189886;583824;375200;245788;95832;1
237335440;10205648;9246941;11750045;8785357;10982422;12239871;11669657;10076716;9694257;0
63666375;5171338;3799695;4042738;5297376;6064696;3645649;4437752;3798406;3140553;1
12547000;999889;504177;1390431;1407985;1208367;1078630;695431;396965;941024;1
46926926;5058985;8666376;5097104;6201163;5111481;6119839;6837306;7422119;8238218;1
5454506;21480;245970;82605;21675;72395;201940;322995;195980;116865;0
4160000;1147829;589318;417986;188574;212434;680616;858868;319521;250616;1
2683065;271310;1239856;95360;87610;95410;95410;937410;36400;196750;1
98370352;5048021;5614354;5411302;4311881;5110556;7703841;5440088;4923626;3253622;0
163871762;12584149;10814342;16664385;12700566;13246730;12869470;15030025;12042762;12806532;1
16244955;1277797;937658;1244879;1125708;600758;1195645;495334;877372;964525;0
41388263;3992949;5116221;4082132;4163757;4105970;4706079;3742474;3752669;3335336;1
12005834;476902;312700;354650;327035;902050;620880;120744;1318948;393880;0
833175;112395;152977;295979;909587;47194;110987;141133;18756;49657;1
47152172;7468183;5834337;6161878;4409704;6706763;6720584;6400015;4437335;5535203;1
22657761;245870;1027372;1496354;883264;1130372;2748484;828698;1934333;1550666;1
27717945;2845990;2567536;4034046;3235760;4768184;4791576;4474504;5900300;3619730;1
63435150;9443680;7756249;8968333;7823432;8204530;9074650;11239747;5299560;8615408;1
12601724;830586;443235;425956;517955;438935;671285;394815;494110;287454;0
30968458;1915803;3017975;1437848;1281432;1646179;1975472;808422;2314071;985572;0
27204166;480891;907326;1119201;1731375;712663;859118;1299873;1419321;1167833;0
10360183;385238;389237;329285;156085;289399;226484;290024;410262;236014;0
9411753;80568;353098;183848;121102;421405;764081;626326;317963;74226;0
9056540;229120;93129;195298;132224;182872;361292;80396;215598;291240;0
36292396;880704;1580260;905172;2302078;2656542;2323238;5630844;2384070;3264108;1
6970694;449315;240175;300305;227525;206095;84450;380860;453235;434100;0
20073759;1148340;1394160;1784340;934772;1189403;1547542;1621307;1117471;1354104;1
12636372;1334246;82775;301585;558036;310999;322619;222005;911840;67138;0
49237500;3370396;1872644;2476408;2043613;2395850;2625918;3925109;3929153;2552613;0
109434004;11600868;9913539;11700208;13447922;12387370;11589430;12388400;11573902;12506893;1
2142452;359024;155025;265716;141951;320284;572579;285425;174635;2650555;1
9082046;546494;482907;143508;182717;642246;205531;492626;142134;328764;0
2412500;64615;24415;94570;111440;173795;38225;103139;246830;70540;0
6001032;100292;86816;58472;48952;207880;239140;47657;82546;144326;0
26372930;1815650;2273609;1282883;1365462;2259380;2409552;2419944;1440956;1800166;1
12806860;2354117;562663;776049;307014;796298;1205413;780937;554277;739735;1
1740420;336280;59830;110795;165742;137585;85460;103790;15000;77080;1
6670366;149762;190092;71876;285079;185815;95267;440038;344871;281365;0
6556584;82571;137369;266405;33766;36686;86232;336203;192357;137102;0
46662533;3444916;3884458;4282962;6486866;6724035;4961198;4702702;5327818;4849858;1
18340000;1789502;2298970;3152174;1771948;1315146;1285162;2182230;2243516;1821296;1
64113947;2033613;2439672;2421781;2833103;3232372;2304768;2823932;440251;1385867;0
14591367;248487;163010;193544;520766;745620;552256;504957;372076;492728;0
3714291;102390;198025;139260;486685;179810;171560;311920;56090;151160;1
65506567;2720247;2337757;3352839;3242714;3302879;3798943;5355046;3572222;2789329;0
12562267;531338;210328;338252;248414;562327;627590;668480;502219;433356;0
4318788;194330;671000;292480;156325;31160;110105;787039;67420;290522;1
10970442;175505;601500;366975;1438670;385780;572745;522215;385005;328375;0
22833875;1041204;1701945;1125349;763540;873229;1477150;1912097;1192685;1484355;0
3591275;61335;75590;63250;29310;294857;10000;65410;80085;49250;0
6078209;918020;833806;304146;319451;1021775;223687;757869;1377371;1069382;1
6664320;424124;240274;205212;323312;198600;533982;514586;349308;209704;0
16824764;1116216;1477514;1287671;1104981;1872577;2037052;1390480;1315880;732260;1
4744369;301565;301944;113088;99076;59272;152896;379772;27044;763222;0
17325000;764476;449077;1226795;1038114;436442;548409;671615;604570;1089656;0
503039333;39004004;27298631;30525435;29351161;31839283;35620062;31739764;30078832;27821198;0
2135631;716762;268920;92640;312112;382816;274192;319908;146616;152136;1
62975998;3376122;4456175;7374115;4470795;5543969;4280030;3970490;2975490;3857197;1
3842267;111457;534039;208658;166685;630725;457887;407768;256880;545040;1
62721685;3628657;4084854;4337779;3094432;5088197;4761426;4675946;6914699;3078835;1
24720833;1968403;1474938;1962120;3002985;1875740;1960595;2988690;1210233;1330172;1
21358500;4919485;12088360;1724684;1189200;1503300;1671049;1081231;737962;1019820;1
40096836;637260;829380;1391160;354790;2257678;864210;813130;1449665;6254299;1
5650000;351720;117708;101920;277127;225802;549206;216808;320079;203734;0
4579494;116045;220555;280345;97420;189160;144160;157585;149385;107005;0
5005000;470021;185072;263840;285044;220404;340800;347024;174920;311876;0
6743500;811806;986506;1280412;1140868;1277405;2684356;1483052;924503;960113;1
1973521;190610;47150;114610;91085;165725;159440;203400;38225;60090;0
6899364;302036;214425;494223;138441;562012;436648;229550;572613;456310;0
1826811;288936;52552;123516;176432;43832;11200;161816;78316;211864;1
23148551;3502238;1444448;1302245;1766695;845686;781678;1030917;1641588;2450743;1
7712062;916548;721552;1030555;1065817;758629;497670;628175;333998;341910;1
3693780;196648;360616;507080;245152;720845;474956;150604;205087;244074;1
2529205;39060;149330;130815;56090;90830;14000;194845;110270;172380;0
2901239;327067;422435;295470;775744;74575;456392;27900;489724;228297;1
6051923;314419;617770;779635;724555;835165;173415;414775;400410;387330;1
10780252;607168;608125;649346;691414;1003971;764447;1307564;1153869;866063;1
11172502;182323;154496;787077;847444;189056;274644;377235;217688;196974;0
5543598;296075;181119;368270;459725;426793;337026;96195;107700;548362;0
2665280;97769;301276;437424;160284;187011;90344;51076;14393;214656;1
4002291;297554;107721;18513;137694;47648;124972;81799;143804;92308;0
17736483;2385381;2315645;2968932;3620593;1857597;1952868;478457;443992;25110;1
25623484;2731705;2585854;2339107;4137063;3708348;1825612;2483077;2580529;1696061;1
19541187;72000;971255;2350275;3711165;2451663;1541205;1305515;1559195;4604476;1
4792666;28000;64215;802650;39520;214000;99460;82520;128570;400835;0
6635791;1162456;1646500;1212862;1475444;1340596;1272452;1669645;2166683;1736610;1
116257783;7314967;8922179;9930092;6076344;9755345;9898781;11350475;6832359;7349399;1
5949106;347538;365848;206239;93160;243972;137504;102332;470382;124422;0
27259163;4112104;2094122;2494574;3084272;2571232;3244322;2299801;2885376;2559610;1
13032481;404512;289696;552120;412872;1551930;643088;1778736;574864;747652;1
23051224;1698824;3207993;3505938;2401565;3337047;5494445;3869300;3401182;2695073;1
6655922;398448;68054;360661;381269;54124;290428;293842;73984;171237;0
400387057;19734840;25449539;26052280;25078263;29320926;25540323;30433347;27336010;26804304;1
3167268;284915;428720;239950;510820;478025;253750;223935;160385;293135;1
2900000;714313;564458;173982;229280;580705;221705;117319;162090;141691;1
2886097;174780;138830;129880;251675;376985;771375;278475;136400;720434;1
8990047;686275;371596;141268;332293;1150375;486658;190638;264753;2246129;1
96096000;2067111;3150276;4210921;4252388;4652204;2986631;4819296;4960634;4671034;0
2367200;1052256;201159;733389;1230483;525882;461211;606450;689604;252414;1
2367200;855330;1926765;1985451;3295587;2481039;1052310;1309356;1449834;1914501;1
3766000;335475;1200285;805173;915891;1008165;597600;1142937;1017516;1856601;1
3550800;1213995;826053;474159;1254879;1888566;3104820;812640;560265;1376193;1
2367200;114855;1727430;411030;731205;905988;130380;37155;668859;538029;1
15529500;1952962;1879282;2178988;1929570;1697797;1633473;1992524;1861583;1730871;1
26567193;565502;727514;1741726;1359735;1687329;1686395;1798142;807291;3357966;0
17914191;2925549;1568508;1693810;1587362;1904326;3036120;2399636;2632029;2365484;1
40182349;373608;1640171;1426644;1306768;1533120;1389247;1095460;999175;661796;0
26893288;1624936;3720972;2104812;3114858;4013898;5359268;4705054;2271364;3288464;1
9111552;725048;314700;1984876;410695;450277;2460658;862456;501656;335856;1
21911565;1228245;3022305;3353163;2267718;2786025;4798633;3586655;4711444;3884852;1
1614000;258465;1131147;216570;363195;288543;142380;675000;58800;664260;1
4706041;525484;1833020;2510256;1653626;2097714;1094222;2671843;2246622;1993013;1
3749291;136120;104550;423990;275540;259350;54740;87800;369130;139330;0
5970205;114989;669888;475893;522501;472607;787453;473325;267536;152276;0
10308915;95134;292051;144893;177251;270376;1054091;300397;551820;369439;0
10011666;152816;552683;1322676;1106714;1277150;732878;2678696;744097;521646;1
27269270;181922;1468856;2951028;2297560;2085942;2017886;2753664;4932977;2069276;1
41218494;1753336;2384818;2866514;1582176;4718508;4106626;5593340;2616064;4692222;1
32571600;1381534;2688543;2434594;4750719;2064804;3085323;5951815;2886925;5233495;1
23687924;337916;375430;2094610;3311809;1244195;3713538;3449945;3049844;4446650;1
783865;37359;140583;88980;125891;89910;83542;49245;30702;113409;1
635670616;25528043;22189300;36225099;27750962;36875729;35095371;39336430;34880879;29945945;0
53056743;2371298;2238575;2840210;2726214;3320211;2708427;2989222;1481002;3146030;0
154900482;11354953;9270657;9826155;7621519;11005090;9195197;8266207;9295853;9469562;1
74186411;5114890;2160867;3339926;3286760;3377699;4173393;2095988;1340322;1455748;0
376029574;14596016;14683364;14435225;16037354;16551311;14109082;14706921;14775641;16591414;0
57264608;4191316;2669773;2966803;3356321;3624490;4699537;2632029;1796115;3747663;0
6318530;264385;128232;133928;76756;302696;149548;223359;172375;52336;0
3000394;183398;608856;167854;599987;224008;373255;351529;290628;145016;1
9786173;348393;673991;814867;583906;1037899;725185;733413;713624;492445;1
60822400;2864825;2663964;2170333;2050827;3577911;2719694;3008689;1518585;1670952;0
15406587;3048777;4389585;3493349;3057945;1485432;897750;2468946;1928486;2328790;1
3526017;94530;234065;180070;348745;339605;619860;286735;467725;450295;1
17408700;1111133;1047504;2329013;1463572;1356350;1399103;1220039;1160714;1251173;1
12798544;828771;1393115;1425822;1271827;1487463;2265253;935384;922202;2008997;1
4170636;152066;598501;1125890;362249;127815;35340;215685;33260;165570;1
378261970;12405048;12413753;63668801;58746177;61325327;57786052;65595421;48925211;55428172;1
217056544;11421509;13037435;10849896;11550044;9352629;14274307;12737547;7927565;7710275;0
29678171;1557771;904476;1941405;1468890;1709881;1170823;1169436;1118754;857044;0
55650220;2785272;1894520;3937557;2650039;2321405;1999901;1812672;1610575;3166184;0
3726000;313506;283697;342949;121953;88883;25074;53716;38785;196606;1
655500;93136;45008;219172;89616;57952;134568;397128;138836;64228;1
24484232;2911589;1088812;673123;1036704;1010472;1244143;1063434;1709455;1173697;0
5739200;253303;337026;175136;496172;418504;351252;309640;507572;1047152;1
16713600;3337652;1483550;1884249;3175635;3342173;2483770;3384294;2433036;2171892;1
22652514;1397859;1230994;940513;1256248;1079282;1378351;1085608;1212491;1024667;0
215189848;13638909;12721633;9686811;12031038;11488741;11332571;10839397;7651323;10994115;0
12844236;2592320;2593003;2938866;2649277;3163555;2591488;1812390;1468822;2218161;1
4190400;56540;52685;98550;156520;25230;36990;139135;42190;126355;0
8084411;43172;20304;372022;205872;695507;300504;285376;318474;570114;0
7262212;871638;355775;1249960;816868;3417288;333102;87547;1153535;1497682;1
15938325;525269;766535;213907;786321;488459;919905;377440;478754;149223;0
11542500;337150;999018;451412;384150;415751;524745;240355;479880;463415;0
62665320;3827217;2386155;4464571;2678510;11067753;4856082;3064925;3196588;4959570;1
1823828;66305;82755;95850;192635;223555;223040;136005;171345;77855;1
157383625;13914820;15629089;17115684;15357562;21852311;15625155;17754508;16736972;16973741;1
7041640;482332;341544;309436;411740;684700;300488;307584;1573414;675565;1
14296558;1525601;1594302;2224427;1090671;2159618;1476547;517145;1151897;1728132;1
11168850;1286342;576216;747509;1149079;645590;897659;587988;740852;1201861;1
47982425;2970239;2248830;2465347;2480254;2707918;2035340;2257113;3244432;2488074;0
165825796;10891034;8928171;8292540;14297298;9689856;10838029;12473340;10329386;10470815;1
54845527;2006768;2834903;2270683;2287972;2026884;2907378;2360124;3159378;3892870;0
11057998;413985;289127;733273;136860;328795;161960;365905;189665;501605;0
16419708;462998;541965;542596;633500;437829;843747;722909;1503673;383920;0
170982577;20423481;15835185;15963408;20514861;18844493;17644579;16910070;13833308;18082257;1
14871600;890084;551868;626700;1052228;531222;848522;796618;521400;368720;0
29752684;5197073;4297210;3365592;3677032;2925908;4327238;3611630;3501597;2841652;1
6953425;312266;750997;383251;75802;285581;275781;1402517;240691;224721;0
26197973;1754991;2851487;1930945;1730519;1063161;1817349;1098299;1278093;913666;0
87142166;10257317;8117280;6383102;7220667;5399012;6815883;6828743;5412162;5267612;1
16014920;1158850;655345;474222;435133;355415;1858612;715571;225201;172742;0
19899773;1470631;910497;629685;931430;1466549;3278740;718591;300520;475404;0
594790;32600;22390;93425;29990;61525;74740;42595;5410;37290;1
5079048;125425;317073;71590;344735;38255;365115;626670;313690;185623;0
1979116;320470;570890;154890;154890;91060;122350;147400;147400;154890;1
21323924;649143;242824;564861;640900;475630;783826;468423;572464;1665824;0
3632850;36395;255765;350070;82375;237035;453020;270100;248045;143205;1
48108527;1750307;3995073;3625936;4036139;2893573;3105919;3102637;2246030;4150559;1
748248;111830;120300;120300;109830;85830;118730;118730;118730;586196;1
122421532;9942603;7976673;9220882;8448610;8465240;14917543;6570840;6012711;4781860;1
4666815;80066;307891;17388;184760;11200;106760;42100;15356;101701;0
30673231;1089830;1186605;906941;880775;1290427;1106473;1017536;1250179;836337;0
160052266;10108209;8033411;11462009;6374781;8261425;9777741;9158905;7859394;10045926;0
207607548;11977857;8003387;10580839;9071429;9044839;8929847;9462817;7184742;7099331;0
1392594;60985;23015;80330;76345;64270;100715;203300;144650;181150;1
9368500;155310;317407;227876;230420;767851;369509;754013;148928;265069;0
4850870;209580;149800;372685;86400;359040;417485;455260;586990;456810;1
7875000;279108;229964;179259;275764;391722;267224;326388;103124;272941;0
4843800;459444;146001;1097656;377405;591565;298720;281170;197785;279430;1
108359480;6664950;4329944;4294324;5192283;6890736;5455318;5162230;4398633;5624893;0
6902412;384990;676804;337235;218040;350144;344510;831063;203805;208615;1
6161706;595142;31260;37775;72205;185780;36310;58375;130300;103275;0
77537546;9099611;5819166;6971608;4921836;7058092;9229845;8730764;7561140;5655767;1
9396178;140854;251246;135096;342422;234702;264005;267900;176757;442154;0
4586280;193882;84085;243309;63817;205375;160536;112498;158406;156040;0
3080650;639951;1313056;747053;744017;1034065;483488;359053;282491;91097;1
17944900;1344428;537439;493426;471880;444816;1113823;857896;771548;799332;0
13009347;515354;197681;231200;288331;365828;550157;715596;781809;407418;0
22894353;1486345;1121635;1321196;1556163;1663848;1310018;1698123;1535531;919428;0
18065152;808006;3253222;742400;239071;348080;347440;130168;113437;273131;0
3252683;238155;256145;261665;249350;186500;571775;220795;295496;256902;1
62391440;4389038;3090566;4003381;1507586;2643790;2671403;4477202;721507;3353635;0
1170166;87755;38400;125995;15930;56635;46230;57055;55175;39000;0
61660979;2536648;2649590;3461523;2004105;3072947;2558446;3074245;2266840;1941383;0
69545682;2024747;2050518;4685112;5306132;3360415;2441184;2541450;3100911;2555045;0
27078613;1677370;2097735;3609048;2635284;2646846;2477942;1573011;1274370;3219525;1
1542564;48928;54484;151992;22568;136532;239664;152321;380313;223856;1
216182779;19472439;29863674;51819041;38422269;33752631;49618721;29670226;27999011;39054223;1
1358963;58175;278830;85925;380965;74884;598458;224150;38305;63395;1
17032500;266679;232841;1124043;549208;472075;432857;472449;274647;400268;0
35057610;2405435;1118730;1505774;2157499;3860226;2526728;1955043;2690469;1634077;1
24739172;1846564;1788047;1541290;2751284;2006678;1585810;3375517;1826482;1948420;1
5544000;146508;194948;217812;143320;121356;548397;202036;152160;710745;0
7042610;172117;777615;1330949;1214702;1043609;1437757;976041;925464;1392296;1
7742733;791673;284644;525980;363380;760544;194688;944273;793926;355396;1
535613;46060;46060;46060;63145;51090;63090;63090;65905;63090;1
1595209;24648;77744;154728;110836;222908;58584;55260;125636;15200;0
1433004;33364;340580;91144;85136;77740;139496;14152;189492;27736;1
63268971;5134677;6810203;4255954;2666655;2328412;3998630;2996990;2582500;3844410;0
18032713;1142106;997834;983130;458228;528386;1375730;1032928;2016388;331706;0
16139077;1279922;802992;1013566;1239964;1034430;1158035;1218007;843585;1221973;1
53323867;6716450;5438385;4836306;4640113;5629707;4441800;3225818;5180819;8249135;1
17282838;3411946;1221088;1433004;2503334;1993511;2101936;1152610;1171546;1423723;1
3802315;157211;93917;27864;64952;48865;48026;117291;16879;81485;0
5634954;114956;160100;250148;185819;195072;193440;214128;611377;371636;0
7884481;422007;297354;271439;488916;601129;615031;1190825;834264;1150695;1
288930296;32494402;25712866;21383332;22522178;28118496;29660606;24477897;24536222;27816666;1
42015749;890636;1892778;2313914;1954063;2972378;3727337;3000532;6025898;3255583;1
42529521;3537524;2020812;2306336;3548731;1907909;2423156;2704128;1542798;2024581;0
161118694;8143692;8371765;7659526;8808425;10636435;8200875;7973642;7341751;9270750;0
4439784;99505;132600;355300;126630;312945;159870;56140;194510;82100;0
6615830;356664;534320;368641;256202;498445;620663;301299;363065;184934;1
11746688;803263;761019;792360;1004226;854868;719356;947060;593599;744029;1
42163819;2667706;2535504;1825146;2868768;2210319;2033088;2007659;2178075;1756178;0
106569464;6043819;5702745;5986030;6584025;7958201;6257699;5855012;4665830;5389849;0
154043514;8722315;7766481;8252011;6521943;6716764;6774828;7611182;6410237;7557732;0
10003358;369141;374792;180136;425576;217720;233528;285412;1008382;452607;0
14755111;644786;697272;1230977;633147;853072;310944;554496;575795;807365;0
6207100;15836;113428;66424;45208;128164;128060;145732;89341;147232;0
5659058;32544;281096;623136;148872;1037020;473472;722828;237212;341360;1
20450742;737135;646427;576130;859465;5192627;1032720;257055;835880;1447099;0
74859360;4140364;3496629;3170688;2861200;2609647;3090298;1776652;1663677;2150534;0
4177778;117765;3387950;203480;42275;307245;477912;1180028;70745;59930;1
4445956;89415;145280;243555;188705;174105;339255;691390;261780;310080;0
1659935;306915;82235;214380;225502;285235;130100;359065;30620;386816;1
6561667;273350;174380;340608;96136;68396;304832;298524;88168;325216;0
236303570;10054919;7767349;6564846;10657416;8250423;7896915;13418636;6742272;7931211;0
65392125;3962919;5674917;5767450;6497058;7041659;4073196;6376615;2034778;3922361;1
11597775;583330;604576;1240776;1784188;12155643;1034074;603259;277920;1239438;1
50297534;7822748;4047398;5360681;5119611;7679119;5047312;5246742;5676600;6279166;1
4477887;73711;156300;347302;270323;164810;289783;567853;939943;89721;1
4506667;255862;317859;48190;212285;63368;257587;175993;256630;116138;0
106574018;4082256;5373850;6932566;5073540;4924947;6120788;5778618;5704899;3636918;0
280082771;13202624;14165326;15897469;23433176;18889685;22766877;23820758;16918062;22173857;1
10893720;887230;344359;171110;341240;505490;295055;72565;535307;261455;0
40427424;4208746;3683051;5687958;2629309;4624411;4550947;3082640;2878386;3162342;1
64963125;6690060;8564981;7174643;5856368;8231128;5479701;8784467;7017203;5236433;1
22079739;472520;947220;925400;629284;1032868;1448023;776948;678862;745642;0
35585417;1124918;1622343;1008657;1368995;1744696;2662941;3045784;1484160;2503994;0
31426243;1488518;1103527;645072;790762;7226660;2304471;854455;555768;943837;0
11098001;220711;511074;414404;184550;222436;594760;270258;323053;44015;0
7700560;343350;190590;275645;318720;270515;139900;215484;359800;755525;0
3502973;656680;371945;436445;14000;520280;217870;262790;299635;179115;1
20616371;1149269;1286798;2631475;1859047;1571816;2885119;1643010;833276;1768436;1
12551372;518867;417545;272027;1256696;2450661;907716;630142;162065;190910;1
88554096;11839203;10362102;8292940;7951094;8233208;5357340;8376272;6899842;6585216;1
20875255;1049824;712588;1022064;648076;893666;901474;341936;396108;1239660;0
8664050;680562;252688;534261;283732;213877;517300;331223;438438;169436;0
32599155;609302;731941;825090;864841;706939;1039242;877659;842103;1168183;0
20540534;722861;1218501;1434479;830545;907215;1094879;875138;739809;1451112;0
6998017;277432;69936;70361;163932;73131;156443;153537;160939;177085;0
66483782;2962148;3296524;2530288;2120687;3209895;2809391;2988104;2249105;2473271;0
17766741;453260;418296;555000;539976;331248;383829;532056;1060482;941654;0
1808803;107805;222515;311215;117180;142325;395990;289095;262910;77195;1
1050500;96665;71710;193990;125350;132520;25405;104500;32825;61690;1
68964474;2724226;5482218;3324163;2908247;5715197;5057753;2569751;2723998;2960157;0
11191034;195200;271052;1284993;545420;404530;580897;406452;395493;405362;0
5170380;577968;411795;127616;286190;178204;273550;277385;86995;659194;1
22063732;394160;490046;818121;814807;487240;779212;911795;460195;1543069;0
21657856;1091662;1202902;1349855;1619650;1415785;1356175;686079;657390;1294170;0
3586275;111080;108360;251580;74280;77625;113210;104580;55745;140635;0
5206655;254051;170833;1178925;210474;470412;390413;298193;131672;372940;1
507553834;37667133;29609287;30933973;28809845;29402926;38125964;26478345;18886266;24523217;0
57961800;3820604;3349715;2460781;2977054;3388641;4157803;2492409;2514423;2469459;0
5467842;248330;623625;925365;4278164;687955;532759;1503691;641215;1508937;1
70457797;4196481;6799667;5449009;5860690;5121083;4355005;4128383;3328611;4205366;1
26013333;1898849;2351610;1985912;2027141;1731552;1412977;2100015;1645687;1697019;1
22446000;2521189;857745;1049375;2128810;2374244;1198524;964805;807695;673120;0
1816045;48825;89600;85407;68440;220956;60315;105950;90630;91285;0
59209505;2455879;7171473;3835346;9116858;5206511;5799547;4234652;3558935;4681632;1
4820520;428032;208215;303998;459225;491875;539240;834140;258645;217430;1
3742560;29924;130284;110860;263540;117668;174000;85808;63300;180600;0
5057625;1823591;972737;998633;886907;965643;969547;1154049;868979;1246913;1
7249484;1410918;269237;441919;860237;744097;342776;257750;292234;516460;1
2328309;11200;303448;120688;190328;124940;145944;123884;210788;42932;0
10091749;1995257;2041672;3448688;4750189;1231176;2152080;2289024;347905;1020725;1
9832505;301513;72359;221979;161943;562717;245141;1373699;1052589;320466;0
9268957;336941;241622;127148;188047;667395;263819;95736;234304;301543;0
9367863;361775;897733;870875;762120;2703281;1287373;1388724;568444;651834;1
10624177;597287;912290;688579;988436;1472575;959498;2172140;703164;1518884;1
6494581;319976;541102;218320;276964;277340;367183;294960;93176;269224;0
294593;15884334;18003821;19439620;21165473;17286630;16871961;18709871;13149234;19516813;1
1603839;444990;467540;362050;468930;263610;112020;377650;181750;316680;1
4543420;215327;109867;185646;174671;262699;79715;166592;148997;50908;0
38483912;4401892;2126094;2113837;1918086;5621329;2083149;2707477;1709084;2378069;1
11279237;1715350;1982077;1132017;1581482;1025703;2816764;2568703;1756439;3408498;1
1140000;35968;61232;33360;168004;250964;107660;157171;462535;92332;1
16130373;2077214;1336012;1310884;1154104;1211794;1604032;991210;2024590;1934126;1
2458465;96100;232580;144030;846701;92786;107375;82205;169785;150965;1
96319506;4855795;4768098;5308101;5975259;6369015;9551914;6452615;5100937;6755328;1
15428328;1550731;1343990;3611221;3657122;861502;2132047;649155;1826667;737856;1
5439982;874700;957314;517810;1959125;695915;288088;840595;1421397;973588;1
1071226;55285;121045;60845;98645;168740;140800;156045;93645;111580;1
28791696;5432885;3956478;1796670;2189463;1772215;2197533;2582717;2152144;2514696;1
19731683;3162320;831700;692188;854644;1215488;599344;3978162;349612;1051726;1
6645757;299289;843430;162569;421741;138789;130543;306904;387300;510744;0
437275998;29362156;32808126;31699638;29965127;29099422;25093277;25046842;22387942;26938693;1
3625000;162940;173044;203313;468171;208640;425740;24090;122900;89836;1
11704728;858180;1868015;1692223;4732512;652522;2995820;1575280;1440772;1045627;1
92535000;3657626;4841083;5399583;2809113;4982416;3844318;4713913;2875251;3832712;0
22639215;653522;677837;710233;567408;895180;807198;676772;561374;1062042;0
41262750;937206;1173538;2965890;1892718;4637217;3276920;3107704;3275444;3869688;1
21645198;2287160;1233668;2244764;1926540;2172708;2704789;2486828;953432;1545613;1
46237607;1614983;828160;3425888;1594269;2929749;1784903;1292304;1346536;1232893;0
30257004;2911406;1807960;2051238;1567268;2102858;3397458;1871518;1382876;1375870;1
16409333;1762111;1786371;1568615;1652686;2224183;2980731;2316172;2329891;2420816;1
3749291;555240;1820646;55460;105890;121860;160210;70460;35510;110310;1
6744551;478811;423136;365805;676870;441805;322647;290855;500497;263587;0
11626165;174426;419915;150090;182538;524415;504000;514463;624081;94162;0
14556822;1249636;474799;597876;834143;808709;2018958;1555541;261017;827227;1
1684469;1265420;149983;140550;311856;1365454;378724;581784;184788;303961;1
8750000;222300;404892;217485;452224;386056;342290;448702;916097;369304;0
4229950;111732;73776;90624;163232;145904;99796;62900;81432;87428;0
1851078;317068;143248;71992;81624;92704;228114;108404;190894;15080;1
5698926;161530;211650;32280;315765;50445;142245;64440;38570;76604;0
71436375;6913372;4865988;5323122;5345986;8911190;7296658;5233760;6193876;6909228;1
59520132;7564355;3655220;6785320;5746592;11031744;9242947;8500447;4196863;7413611;1
20162604;820225;1428465;887835;1343095;1770924;2333951;818028;1244605;933348;1
12304268;133792;739059;880413;1042797;848411;1183321;368630;563043;515574;0
7546029;419674;436565;570481;332755;250208;1450353;323630;234960;61332;0
8352001;147800;653457;544000;1272465;587663;797113;955101;707102;132065;1
9488771;530284;317726;287976;388654;412466;354984;20241724;384497;1175803;1
7035140;6400;229292;170521;206544;196680;322100;383153;278092;259615;0
988205;92028;42640;128828;89844;28880;194000;623828;92670;69810;1
9345197;976897;246644;290425;393355;605974;601100;1191592;220394;346086;0
7068189;201412;257948;430182;634699;333092;387281;261520;193205;264566;0
13157200;934445;1042192;1034876;1195430;660010;1209225;729136;713082;859263;1
10260159;329137;438725;539701;537662;662781;573663;366868;362588;385303;0
2009409;148550;271325;146330;412300;190610;216280;376440;561772;1022242;1
27274272;1046734;1393584;2080495;1430604;1452064;1365231;1698386;968244;1202807;0
4820520;208060;75100;119720;73270;199997;94015;84230;519638;191776;0
2366000;54915;36965;49665;82845;219453;195310;103435;271995;134100;1
7807884;203483;173160;65376;52824;702980;319845;159552;133873;316793;0
59930700;2820501;2404033;2230572;2846442;3206531;3153562;2922508;1781011;2439480;0
12269667;2080599;956013;1009314;370256;1453205;1277979;930609;396615;678786;1
15687538;1584880;880096;1238164;708396;1284564;916303;1052991;707292;770708;1
27698632;2066847;1621207;1816121;3704507;1722192;2343988;1807118;2275940;1734513;1
23704928;1441468;1325776;1960628;1382229;2274757;1286360;2004149;1611656;1676698;1
33961227;2042497;1858668;1864717;2117571;2811981;1878021;2352473;1946671;1614872;0
3773570;255180;2335272;107131;45148;95656;37300;79316;46948;99445;1
5108854;149236;107624;159697;288536;81048;468860;85180;47336;102024;0
1439865;60747;93985;356310;64640;189730;90665;225332;53330;45640;1
1461054;85910;73999;46573;33076;52518;46934;121043;20108;181107;0
549412;32556;32556;32556;32556;21356;32556;32580;52440;32580;0
14387640;1060063;926852;1031367;1009247;928635;1650844;864420;1271352;1420313;1
18597142;688644;801179;956432;614198;1567913;1141635;694404;816006;958864;0
11688408;1813954;1780828;1607016;1031580;1057274;767616;472884;2496032;3726636;1
21485268;1503815;1314601;694047;1170967;1293002;1715501;722832;1293706;662704;0
18950204;993823;703148;670061;625735;1109012;1099271;1617292;676260;1010175;0
5257000;656640;460328;365288;487136;333888;621492;456600;594192;538560;1
3207888;78664;127532;92547;165148;193672;195948;110904;51638;272068;0
6777960;656736;605774;444152;404392;667156;224340;535708;254904;622555;1
1461066;2390063;3006426;2672425;2373372;1999020;2543336;3330054;1816064;2196543;1
428490;38140;70136;39776;26916;26940;26916;161796;26940;26940;1
7229138;537395;390947;869470;400282;494563;465859;382578;525260;1289438;1
1324800;61795;175690;12040;81385;138995;162895;40440;19050;125525;1
2502898;194759;120515;103881;155061;72158;205962;275934;221982;68607;1
2945872;210084;674850;2155874;437999;841721;291047;112150;45875;77047;1
9159312;15570;204970;268968;278278;562006;176075;138600;117097;463258;0
6012000;95876;114260;96940;171800;171658;673231;1091757;246820;424940;1
52123579;1652557;986343;1043081;1328834;1265484;1507937;1024886;1212978;1347542;0
34353600;3289106;2779460;2979908;2585732;1987732;3057634;1629728;1594561;2365544;1
11286000;980498;678264;1132164;785736;795024;424424;958199;649132;1336888;1
2907000;259212;698942;121236;230736;76788;301292;108164;133212;147116;1
279283200;8451046;11874721;18483023;15319972;14604168;15437816;18413432;17052190;12869692;0
66724582;8727595;4180255;3001461;3265375;3339324;4576633;3020269;1399598;4405856;0
87505000;1732686;1786835;1853516;1644033;1642990;1493832;2512490;1268748;914562;0
73805040;2046336;1529545;4697930;2781439;2520321;1158810;1983325;3382987;1538348;0
118772478;16422054;12586740;13277469;12530891;14431547;11909905;10685631;8750803;11924920;1
40657949;3638518;3706859;3365931;5326712;4357897;4243919;5902742;5602961;4405523;1
1735840;69348;41084;114804;202263;81512;310533;269868;143214;144716;1
28918896;1735423;2611099;1498637;911089;2144494;1125077;3163267;1755432;1670328;1
28147142;1839301;1790960;1500058;1287678;1310799;1325696;1552452;1375124;1070360;0
23507610;271690;209545;166450;48510;448725;484490;8979944;406763;949983;0
21585963;1892914;3399720;1516655;1040427;1073650;2101618;1744663;837286;819199;1
11000413;1113267;941092;145630;283370;410810;169130;438515;368995;127215;0
35574000;508455;704735;1540212;791247;1053365;661310;475000;243244;1111320;0
15241086;1996433;1227147;1113134;1231018;1701671;1111115;535060;638756;1132793;1
761896470;63798807;54509740;51870534;59025667;57229286;61104323;51062760;47233770;53865503;1
25177075;2660503;1519102;1399515;1278035;1785546;1371409;1436580;1133420;1835667;1
250603552;27135803;15774642;14559640;21411687;23048268;18486277;15943012;12250234;14361899;1
2773925;1033943;413714;640445;3539067;191492;399370;32120;28000;106519;1
49433039;2380298;1693400;1843370;2107994;2550495;2797992;2304115;1326636;2734695;0
70173588;2494221;3710960;3227925;4151903;4496201;6332190;4261549;2509907;3369274;0
76158708;4338409;6689835;10312028;12989353;16712428;10616141;12387953;6618102;9704970;1
6270000;583999;355330;377664;366320;343620;316465;332512;447048;376756;1
9547450;246632;52264;83072;167920;272696;101632;53114;97096;365218;0
25940771;1458614;508481;353494;390366;384495;579199;729195;591968;904774;0
29780015;3976834;3844800;3112098;3369388;4001660;3729062;5375844;3168670;2732948;1
15250866;3447609;521392;745880;908943;782865;873154;570585;938233;867461;1
4371741;801427;238184;277638;1557054;721031;1069456;691441;1072909;631872;1
5740551;1860980;3482653;1717694;2629763;3131394;2258428;1927107;1122071;2437355;1
14729328;182342;975145;1299159;1885465;1091056;1123941;3348051;1079639;919263;1
6087616;264778;1087833;375863;954995;1184537;657952;1292614;841885;435749;1
40250698;1761571;1873514;2874277;2730790;3986924;3110875;5173685;2217531;4160408;1
5948568;266084;123792;477519;473024;377038;333838;215884;371284;310520;0
33557767;3994079;5394702;4277548;4890555;5031793;6449921;4702710;4084626;5760357;1
591534;39671;43609;65357;144488;43007;44078;56009;126153;34663;1
74380220;6650872;4829494;4878179;5418558;4466819;4225356;4753804;2693170;6636490;1
20996294;2838496;900324;1104115;1096530;993488;1926172;573762;1106484;1276025;1
2142452;370335;1105884;646944;271920;692184;617679;1086009;758658;399315;1
55582691;1423402;2613816;1958183;1959738;2040738;2647622;2336697;2338431;2303192;0
22096535;1082506;1779594;589802;1399086;1135009;2231267;1182373;478428;2599890;0
6071304;11200;104420;127168;164572;144514;80428;94008;71964;20268;0
2410260;34390;38000;10000;96890;72130;47360;84945;47200;96725;0
9675861;619532;275552;283174;386064;586681;379298;1198387;339516;631165;0
1338435;97992;208812;264307;202376;268452;230554;524828;75448;111092;1
2142452;3260490;2764206;802188;426252;90693;258420;493161;318528;901101;1
2142452;738225;1461420;1386435;669450;3703380;2237070;1668565;561185;1234720;1
1606839;737760;295485;570540;683550;542505;263730;664680;123600;527100;1
1606839;160230;584154;277560;627552;287544;294720;173742;397635;530235;1
3213678;1368765;1899948;1005318;584193;1727271;899193;570837;1483338;70800;1
4338468;109755;171300;167665;22965;65620;288795;98300;140270;196950;0
6085948;193100;50359;298119;192105;142747;511748;203423;189150;465365;0
4804375;30730;359312;440395;68022;441317;241821;142259;243189;658059;1
854425;22435;100357;64263;53300;93070;36591;283100;13037;150863;1
52915959;6983592;3132256;4288490;4737430;5511000;4069324;4378386;3794872;2685580;1
5192300;335137;402789;131267;956643;244509;297021;339993;111331;349932;1
1161000;61935;20335;16775;27980;20105;39715;37160;122240;210590;0
13045950;542487;1139856;258815;950745;982196;779885;399910;67820;361780;0
14672926;1004609;780599;944221;897046;1136747;981275;1720938;1048829;786853;1
2142452;213210;906390;419400;4539990;74235;1059240;208680;1137183;90360;1
2940408;241205;180035;99000;566660;1081616;315685;125810;147665;188750;1
6934812;279048;612640;753462;337488;241815;352480;1165206;1034474;1184352;1
4798813;361985;584780;979552;880235;326635;570910;1034983;410795;600855;1
20133259;210112;828901;1178103;634862;2811704;1853114;1363951;755195;1028262;1
45800000;327946;1478780;3514419;2611792;2963411;2395422;3238915;3124871;2824560;0
11970656;802669;185284;641209;759846;340464;420812;589588;432516;653043;0
4067844;33625;66700;77925;109272;1021974;40894;9600;17655;83905;0
5650000;314855;303149;191008;174068;441078;425070;309008;147744;236784;0
5370750;57380;509238;198932;942343;351524;360062;295106;533956;507032;1
